temperature,humidity,activity,heart_rate,disease
39.05,61.28,8,129,sick
38.6,47.64,8,104,healthy
39.15,58.95,9,106,healthy
39.77,49.44,3,85,healthy
38.54,77.33,0,73,sick
38.54,82.91,2,113,sick
39.81,47.89,8,105,healthy
39.24,83.2,3,90,healthy
38.37,65.9,4,118,sick
39.08,56.98,6,88,healthy
38.38,48.07,4,76,healthy
38.37,65.02,3,73,healthy
38.87,76.78,1,95,sick
37.36,73.28,1,117,sick
37.49,47.01,3,83,healthy
38.31,47.92,9,122,sick
37.99,61.11,9,84,healthy
38.92,56.81,8,118,sick
38.06,54.3,7,91,healthy
37.71,56.24,2,77,healthy
39.73,77.14,8,96,healthy
38.54,82.17,4,85,healthy
38.75,61.2,2,68,healthy
37.7,81.24,4,123,sick
38.32,57.86,9,79,healthy
38.78,64.06,3,113,sick
37.89,54.04,7,89,healthy
38.96,70.62,4,112,sick
38.28,84.16,9,122,sick
38.5,69.14,7,70,healthy
38.28,59.31,8,90,healthy
40.0,70.91,3,108,healthy
38.69,49.92,6,78,healthy
37.96,80.55,1,71,sick
39.28,65.12,5,74,healthy
37.85,62.97,7,90,healthy
38.85,68.43,6,102,healthy
37.33,69.99,6,96,healthy
37.77,47.87,7,88,healthy
38.84,72.3,6,85,healthy
39.22,54.68,4,61,healthy
38.82,73.56,6,74,healthy
38.62,77.9,9,63,healthy
38.49,77.16,2,109,healthy
37.67,67.1,4,97,healthy
38.2,65.81,6,82,healthy
38.38,50.72,8,118,sick
39.44,76.01,1,87,sick
38.94,55.86,3,125,sick
37.47,64.87,6,67,healthy
38.93,56.37,0,88,sick
38.43,50.35,1,70,sick
38.23,70.18,8,77,healthy
39.13,47.17,9,114,sick
39.42,74.95,6,109,healthy
39.35,57.7,9,73,healthy
38.11,45.01,6,68,healthy
38.48,65.45,5,70,healthy
38.93,46.87,2,122,sick
39.38,56.05,9,126,sick
38.36,73.28,2,112,sick
38.57,47.51,1,98,sick
37.93,78.57,5,115,sick
37.86,45.15,3,87,healthy
39.27,54.87,4,98,healthy
39.65,74.64,2,84,healthy
38.65,57.65,5,80,healthy
39.4,49.08,2,69,healthy
38.95,59.41,7,102,healthy
38.25,55.82,8,74,healthy
38.95,78.71,3,107,healthy
39.78,57.53,8,80,healthy
38.67,76.56,6,119,sick
39.8,80.67,2,109,healthy
36.87,62.35,6,82,healthy
39.28,81.4,0,72,sick
38.76,60.09,2,128,sick
38.49,83.56,5,63,healthy
38.76,48.57,3,68,healthy
37.31,72.48,6,94,healthy
38.55,64.75,2,80,healthy
38.95,60.51,0,117,sick
39.73,70.31,8,77,healthy
38.34,73.15,5,102,healthy
38.13,45.17,7,65,healthy
38.35,51.68,2,126,sick
39.34,73.52,7,71,healthy
38.93,71.66,1,71,sick
38.33,83.64,3,125,sick
39.06,75.44,2,61,healthy
38.77,83.03,9,74,healthy
39.38,73.1,0,82,sick
38.21,56.92,6,88,healthy
38.47,49.21,9,66,healthy
38.43,76.27,1,87,sick
37.68,70.77,3,73,healthy
38.91,46.93,8,103,healthy
38.88,59.4,5,89,healthy
38.7,83.27,7,91,healthy
38.54,65.02,1,129,sick
37.71,62.31,6,65,healthy
38.41,63.31,5,86,healthy
38.46,53.36,8,83,healthy
38.14,59.75,6,93,healthy
38.59,59.79,0,99,sick
38.98,47.09,7,106,healthy
40.02,75.7,9,83,sick
38.82,61.66,2,124,sick
38.88,77.89,1,77,sick
38.65,79.01,2,103,healthy
37.36,53.48,5,116,sick
38.68,71.29,2,87,healthy
38.74,63.89,9,82,healthy
40.42,80.21,4,93,sick
38.57,53.63,5,70,healthy
38.91,72.11,7,94,healthy
38.68,69.31,6,101,healthy
37.88,56.81,7,87,healthy
39.5,50.46,2,83,healthy
39.23,71.07,3,67,healthy
39.25,74.54,5,112,sick
38.06,57.63,6,63,healthy
39.68,70.79,8,64,healthy
37.72,60.81,0,108,sick
39.11,73.53,7,89,healthy
40.23,52.97,7,122,sick
38.01,80.61,5,106,healthy
38.3,56.5,3,85,healthy
38.77,59.71,2,116,sick
38.35,47.32,2,96,healthy
37.61,49.46,5,66,healthy
38.75,65.63,7,99,healthy
37.96,55.7,6,98,healthy
39.03,78.42,0,121,sick
38.06,45.59,5,112,sick
39.78,60.16,6,63,healthy
38.15,58.49,6,84,healthy
38.47,45.77,8,66,healthy
39.27,49.97,9,87,healthy
37.84,61.55,4,128,sick
38.86,64.71,0,126,sick
39.61,61.17,1,79,sick
37.57,66.24,3,70,healthy
38.83,68.81,4,126,sick
38.88,45.4,8,66,healthy
39.25,63.56,0,82,sick
37.83,83.54,2,120,sick
37.78,65.76,4,93,healthy
39.07,72.1,2,78,healthy
38.91,57.47,3,117,sick
38.88,75.96,2,68,healthy
38.94,75.92,3,107,healthy
38.22,65.85,0,100,sick
38.86,84.04,7,107,healthy
38.91,50.02,3,104,healthy
38.2,45.68,6,84,healthy
40.01,75.81,1,84,sick
39.03,77.29,1,78,sick
37.87,49.81,5,98,healthy
39.16,55.62,1,86,sick
38.02,45.7,5,122,sick
39.25,56.73,1,127,sick
39.51,75.93,3,78,healthy
38.13,65.72,6,87,healthy
39.37,58.92,7,92,healthy
38.99,59.87,2,69,healthy
39.28,45.05,8,89,healthy
40.03,56.99,1,81,sick
38.53,70.86,7,62,healthy
38.17,83.97,7,107,healthy
38.08,78.88,3,61,healthy
38.13,45.94,0,113,sick
38.65,80.94,0,65,sick
38.94,76.33,1,99,sick
38.89,76.22,8,61,healthy
39.28,63.32,1,61,sick
38.71,60.92,1,114,sick
39.72,57.12,5,119,sick
38.51,47.63,6,65,healthy
40.6,54.13,6,78,sick
39.14,54.86,8,86,healthy
38.1,64.36,5,60,healthy
37.95,74.9,7,92,healthy
39.04,63.95,5,99,healthy
38.54,47.31,1,91,sick
39.2,83.31,0,128,sick
39.03,82.71,4,76,healthy
38.65,76.41,8,67,healthy
38.11,84.65,7,116,sick
37.64,66.78,3,101,healthy
38.39,83.51,4,68,healthy
39.3,48.02,4,94,healthy
38.85,59.63,5,112,sick
37.83,54.02,2,113,sick
38.82,52.83,4,84,healthy
38.97,50.63,1,126,sick
38.08,69.9,9,121,sick
38.81,76.25,0,114,sick
38.74,68.13,0,105,sick
37.9,50.88,9,83,healthy
38.95,77.44,6,105,healthy
39.09,70.44,1,81,sick
39.46,60.53,3,70,healthy
39.44,71.97,4,107,healthy
37.74,55.4,6,67,healthy
38.04,58.81,1,98,sick
39.06,81.7,5,94,healthy
39.06,56.62,0,108,sick
39.06,63.8,6,105,healthy
41.4,80.61,8,97,sick
39.1,73.31,4,67,healthy
39.49,47.49,4,113,sick
39.37,50.89,3,96,healthy
39.16,45.31,2,99,healthy
38.48,70.24,8,93,healthy
39.23,62.91,4,76,healthy
38.16,50.37,7,92,healthy
38.53,83.32,8,106,healthy
38.36,66.19,4,111,sick
38.76,54.68,9,68,healthy
40.32,65.02,8,92,sick
37.39,72.18,1,119,sick
39.18,48.05,8,80,healthy
37.57,55.99,3,117,sick
38.37,77.28,5,128,sick
39.46,63.39,5,69,healthy
38.74,66.86,5,65,healthy
37.95,62.31,1,72,sick
38.2,46.76,6,124,sick
39.18,51.63,5,79,healthy
38.19,62.82,0,116,sick
38.85,53.37,1,105,sick
38.73,47.0,6,67,healthy
38.24,78.75,0,69,sick
40.2,84.25,0,126,sick
39.14,76.73,0,70,sick
37.28,79.15,7,71,healthy
38.83,54.68,3,69,healthy
38.24,83.43,3,84,healthy
39.3,52.88,1,108,sick
38.15,83.06,0,108,sick
38.62,84.79,9,70,healthy
39.05,73.47,8,121,sick
39.31,84.25,6,95,healthy
37.86,67.78,3,98,healthy
38.47,55.38,5,112,sick
38.37,62.48,1,115,sick
38.24,68.74,6,60,healthy
39.94,47.92,1,115,sick
38.98,69.89,9,63,healthy
37.82,84.25,7,89,healthy
39.34,52.6,7,71,healthy
40.19,76.7,0,94,sick
39.42,81.32,7,111,sick
37.64,82.75,1,90,sick
38.36,83.41,5,127,sick
39.59,65.86,0,111,sick
38.2,84.09,4,66,healthy
39.01,75.29,6,81,healthy
39.24,51.47,9,115,sick
38.05,64.08,0,117,sick
38.66,73.73,1,123,sick
36.43,54.89,6,71,healthy
37.98,70.62,5,66,healthy
38.52,71.66,2,114,sick
37.83,51.51,9,121,sick
39.84,67.6,1,114,sick
37.7,75.87,9,95,healthy
38.39,64.96,3,83,healthy
38.79,45.48,2,103,healthy
39.71,45.36,6,76,healthy
37.69,59.28,7,61,healthy
39.51,82.05,1,72,sick
38.71,54.15,9,90,healthy
38.01,70.37,6,87,healthy
39.02,53.88,7,119,sick
38.84,57.87,5,86,healthy
38.28,78.92,5,74,healthy
38.75,74.15,9,92,healthy
38.43,48.82,0,79,sick
38.78,62.15,3,101,healthy
39.16,46.17,0,71,sick
39.81,64.24,3,82,healthy
37.83,71.5,1,73,sick
40.19,49.74,4,84,sick
37.33,56.56,9,90,healthy
38.59,60.91,8,113,sick
39.11,81.78,9,64,healthy
38.9,84.73,2,72,healthy
38.26,46.8,7,87,healthy
38.55,75.44,2,102,healthy
38.35,59.87,5,106,healthy
38.29,60.7,3,97,healthy
39.29,75.17,7,126,sick
38.95,81.74,5,121,sick
38.21,83.04,7,98,healthy
39.33,68.08,0,96,sick
38.92,59.28,5,67,healthy
39.27,76.5,0,111,sick
39.14,55.04,0,92,sick
38.12,67.56,7,101,healthy
38.31,59.34,6,86,healthy
39.22,71.27,2,67,healthy
39.13,54.62,5,82,healthy
38.69,52.66,8,123,sick
38.78,81.73,6,79,healthy
39.59,49.07,2,75,healthy
38.29,65.24,5,76,healthy
39.08,53.83,3,78,healthy
38.56,46.56,2,67,healthy
38.55,46.44,8,97,healthy
39.47,52.01,9,97,healthy
39.28,79.67,1,112,sick
39.27,56.3,0,90,sick
39.61,83.02,1,103,sick
38.71,68.26,6,119,sick
39.18,62.46,9,76,healthy
38.48,68.2,0,98,sick
38.93,65.67,5,101,healthy
38.61,75.35,6,107,healthy
38.77,56.3,8,71,healthy
39.12,59.12,7,77,healthy
38.13,80.76,5,65,healthy
40.16,82.86,2,102,sick
38.0,80.7,7,94,healthy
37.85,61.78,6,113,sick
39.51,76.21,2,121,sick
39.25,64.05,8,128,sick
39.14,64.9,1,75,sick
39.14,53.19,2,67,healthy
38.69,68.65,1,90,sick
38.07,52.45,0,69,sick
38.75,58.26,3,115,sick
38.23,79.2,4,129,sick
39.38,53.28,5,79,healthy
38.6,47.85,4,64,healthy
38.12,47.76,0,82,sick
38.48,82.63,2,68,healthy
38.99,65.28,0,117,sick
38.31,61.38,4,118,sick
38.12,77.44,4,113,sick
38.87,78.43,5,105,healthy
38.87,58.29,7,81,healthy
38.35,72.74,9,123,sick
38.37,75.84,0,67,sick
38.86,71.19,3,79,healthy
37.69,51.06,9,110,healthy
37.71,80.04,0,98,sick
38.2,66.56,8,96,healthy
38.55,56.3,6,109,healthy
38.92,62.01,6,93,healthy
39.73,46.5,4,92,healthy
39.3,50.11,6,90,healthy
38.59,75.62,1,113,sick
38.69,45.0,3,103,healthy
38.0,61.66,6,93,healthy
38.69,65.9,2,121,sick
38.5,47.19,1,82,sick
38.93,83.92,9,105,healthy
38.12,54.05,1,115,sick
39.06,57.17,0,66,sick
39.77,57.16,4,120,sick
38.62,54.22,5,62,healthy
38.98,45.06,5,97,healthy
39.18,74.17,8,93,healthy
38.42,83.67,3,103,healthy
38.86,53.97,0,89,sick
38.71,71.52,5,76,healthy
38.77,74.68,4,118,sick
38.16,78.94,9,69,healthy
38.72,61.91,5,77,healthy
39.05,57.12,2,104,healthy
39.72,58.01,1,118,sick
39.37,73.5,5,121,sick
40.21,77.67,0,118,sick
38.16,52.26,6,108,healthy
39.31,59.84,6,122,sick
38.83,81.08,9,91,healthy
40.23,77.27,6,69,sick
38.13,84.39,9,70,healthy
38.11,75.17,0,129,sick
38.28,60.73,3,121,sick
37.21,68.63,6,106,healthy
38.33,71.44,8,93,healthy
38.17,48.14,4,76,healthy
38.81,66.78,1,113,sick
38.94,73.37,6,99,healthy
40.01,51.69,9,78,sick
39.37,76.23,0,126,sick
38.3,68.35,6,112,sick
38.07,83.09,5,123,sick
39.04,46.7,6,106,healthy
37.78,55.61,9,65,healthy
39.98,69.06,2,75,healthy
39.53,56.86,2,77,healthy
38.37,73.58,6,111,sick
37.5,75.36,1,107,sick
39.65,49.1,0,102,sick
38.62,65.55,8,98,healthy
39.57,65.36,8,108,healthy
37.58,59.77,6,71,healthy
38.28,82.32,6,69,healthy
38.7,78.1,2,114,sick
38.73,72.89,9,60,healthy
38.38,73.57,1,108,sick
39.14,63.47,6,95,healthy
37.95,81.84,8,80,healthy
38.6,72.78,0,96,sick
38.78,74.16,3,83,healthy
39.06,79.47,5,114,sick
39.2,55.96,6,84,healthy
37.91,77.28,9,66,healthy
37.63,52.81,6,83,healthy
39.59,58.81,9,70,healthy
38.93,58.42,1,71,sick
38.18,84.14,3,94,healthy
39.79,79.26,4,122,sick
38.78,73.05,0,127,sick
39.53,74.08,0,116,sick
38.75,67.48,9,72,healthy
40.14,82.88,2,82,sick
39.93,64.85,9,98,healthy
38.53,60.22,2,71,healthy
39.38,51.52,7,93,healthy
39.15,76.45,8,90,healthy
39.66,74.38,0,121,sick
38.02,60.37,1,72,sick
39.18,46.01,9,90,healthy
39.44,78.56,1,61,sick
37.47,45.46,3,74,healthy
37.87,73.15,1,116,sick
37.27,83.81,6,93,healthy
38.51,62.51,8,127,sick
39.2,54.4,6,88,healthy
39.75,73.19,5,125,sick
38.75,77.69,9,75,healthy
39.84,66.86,0,98,sick
37.73,83.68,9,96,healthy
37.51,47.07,8,80,healthy
38.66,65.19,4,103,healthy
38.97,73.74,4,78,healthy
38.68,79.51,5,67,healthy
37.25,52.17,8,125,sick
38.64,77.0,7,100,healthy
37.79,67.11,7,129,sick
39.17,60.86,7,120,sick
38.96,50.27,0,85,sick
38.04,79.61,0,129,sick
38.34,51.29,7,88,healthy
37.96,57.39,4,125,sick
38.66,56.6,8,78,healthy
39.37,79.86,1,127,sick
38.01,71.91,8,117,sick
39.05,76.87,7,129,sick
38.33,55.02,8,116,sick
38.14,69.99,3,96,healthy
38.63,67.87,0,120,sick
37.98,78.31,0,89,sick
38.31,81.24,4,84,healthy
37.86,45.49,1,124,sick
40.08,71.96,7,65,sick
38.72,47.07,9,77,healthy
38.21,66.95,4,69,healthy
38.85,56.51,4,70,healthy
38.62,57.27,1,124,sick
38.55,59.12,6,124,sick
39.13,69.85,7,111,sick
39.23,58.36,9,126,sick
38.33,74.31,0,90,sick
38.3,61.18,1,76,sick
38.51,47.73,9,114,sick
37.09,76.35,3,95,healthy
37.64,56.43,4,85,healthy
39.66,62.31,1,112,sick
39.85,72.42,0,76,sick
38.53,58.3,8,84,healthy
39.1,47.26,0,61,sick
38.92,59.96,3,64,healthy
40.86,82.78,1,63,sick
39.48,70.67,3,95,healthy
38.61,71.86,7,65,healthy
38.03,70.29,7,80,healthy
37.58,52.96,8,85,healthy
38.84,61.73,4,114,sick
38.17,75.04,6,98,healthy
37.7,49.05,2,92,healthy
38.25,56.11,9,73,healthy
37.94,56.05,3,115,sick
39.88,62.28,9,80,healthy
39.32,84.21,8,105,healthy
38.69,47.7,9,75,healthy
39.74,65.75,9,75,healthy
38.75,52.17,0,88,sick
38.1,83.83,1,67,sick
39.77,49.53,4,62,healthy
39.08,61.14,2,78,healthy
37.97,74.52,1,125,sick
38.57,73.18,0,81,sick
38.09,61.91,9,105,healthy
37.73,58.86,2,72,healthy
39.35,60.9,0,92,sick
40.04,55.57,0,64,sick
37.72,53.21,0,86,sick
39.09,64.32,7,83,healthy
38.24,55.74,2,126,sick
38.36,56.5,0,122,sick
38.29,71.27,6,107,healthy
38.1,83.74,9,122,sick
38.73,69.15,2,71,healthy
38.12,48.08,7,87,healthy
38.89,48.02,3,103,healthy
38.66,83.06,3,102,healthy
38.53,56.89,4,76,healthy
38.06,48.68,5,99,healthy
38.3,68.96,6,108,healthy
39.23,69.95,3,116,sick
39.05,70.94,7,123,sick
38.02,55.7,5,116,sick
38.77,45.6,0,129,sick
39.23,83.6,0,102,sick
37.53,55.04,8,82,healthy
39.08,72.04,9,86,healthy
38.24,73.27,5,117,sick
39.1,69.4,9,96,healthy
38.17,57.52,7,65,healthy
37.44,55.84,6,124,sick
37.56,68.91,5,65,healthy
38.73,79.64,3,109,healthy
38.88,82.87,6,81,healthy
38.07,49.24,8,84,healthy
39.15,51.19,9,110,healthy
37.54,82.79,9,107,healthy
38.65,74.46,6,129,sick
37.85,80.32,0,124,sick
38.24,53.11,9,119,sick
38.73,68.5,8,105,healthy
38.1,73.05,3,95,healthy
38.43,72.2,2,117,sick
39.4,61.33,3,97,healthy
38.3,45.62,3,70,healthy
39.28,68.32,9,71,healthy
37.91,55.12,1,101,sick
39.07,63.01,0,98,sick
39.71,83.3,9,70,healthy
36.97,60.96,0,95,sick
38.14,78.59,7,111,sick
39.1,52.54,1,90,sick
38.56,71.9,9,92,healthy
38.96,84.08,4,72,healthy
38.28,49.08,3,77,healthy
38.76,45.33,7,100,healthy
38.59,62.34,1,117,sick
39.52,48.71,9,115,sick
38.88,74.94,8,83,healthy
38.94,81.58,6,90,healthy
38.41,62.36,6,114,sick
38.36,55.35,0,69,sick
38.4,62.38,1,119,sick
38.98,73.94,3,61,healthy
38.41,45.36,3,74,healthy
38.9,68.58,2,62,healthy
40.15,69.53,6,102,sick
39.31,70.51,7,90,healthy
38.47,54.68,1,129,sick
39.54,73.56,3,126,sick
38.41,48.66,2,115,sick
37.27,52.97,1,122,sick
37.99,80.1,5,74,healthy
37.39,74.55,3,69,healthy
38.45,45.55,5,97,healthy
38.71,54.94,1,106,sick
39.87,53.58,3,116,sick
38.93,55.83,5,109,healthy
38.55,54.9,4,74,healthy
39.28,47.5,2,77,healthy
37.15,63.36,7,61,healthy
38.86,74.31,6,102,healthy
39.24,69.27,2,85,healthy
37.66,71.91,5,97,healthy
39.5,48.25,3,101,healthy
38.94,83.06,4,64,healthy
38.41,78.54,4,70,healthy
39.14,77.2,6,124,sick
40.29,77.92,4,93,sick
38.83,82.31,2,60,healthy
38.87,66.77,9,61,healthy
38.38,53.01,4,79,healthy
38.11,69.67,6,120,sick
39.28,74.72,4,80,healthy
38.1,74.52,4,127,sick
38.75,65.86,8,71,healthy
38.37,47.74,2,81,healthy
39.04,59.84,5,79,healthy
38.93,81.83,0,60,sick
39.43,68.38,9,89,healthy
38.34,66.53,4,83,healthy
38.51,55.75,7,73,healthy
38.01,59.74,4,95,healthy
38.39,80.81,8,128,sick
38.96,71.66,5,83,healthy
39.23,76.5,7,119,sick
38.05,63.17,9,114,sick
39.31,70.21,7,83,healthy
39.65,54.94,2,83,healthy
38.99,73.22,6,113,sick
40.01,62.1,6,85,sick
38.16,62.7,9,125,sick
37.83,70.97,5,97,healthy
37.45,82.45,6,124,sick
39.75,47.56,1,110,sick
39.16,77.99,8,94,healthy
38.66,56.7,9,102,healthy
38.9,62.76,9,88,healthy
37.91,45.88,0,96,sick
40.41,57.04,0,117,sick
38.79,65.11,2,113,sick
38.78,47.25,2,98,healthy
39.21,64.64,0,101,sick
39.04,82.08,6,87,healthy
38.86,49.22,3,88,healthy
38.15,75.58,9,102,healthy
39.03,61.39,1,62,sick
40.02,71.21,9,69,sick
39.64,55.41,4,118,sick
39.82,51.38,5,73,healthy
38.34,51.42,8,106,healthy
38.01,47.82,3,101,healthy
38.61,52.43,1,91,sick
38.74,71.57,4,91,healthy
39.47,80.27,2,101,healthy
37.52,77.57,1,91,sick
39.77,72.41,0,85,sick
38.59,49.42,9,60,healthy
38.4,56.57,1,115,sick
37.99,57.39,5,61,healthy
37.54,55.0,7,89,healthy
39.28,65.6,2,111,sick
38.75,66.42,8,68,healthy
37.8,59.28,8,81,healthy
37.79,59.15,1,93,sick
38.46,78.14,7,108,healthy
39.87,76.57,9,60,healthy
38.52,57.31,4,112,sick
37.65,81.55,3,99,healthy
38.53,83.11,9,104,healthy
38.51,58.07,4,127,sick
36.81,59.18,3,68,healthy
38.66,65.23,7,81,healthy
38.54,82.64,3,77,healthy
39.19,80.05,9,102,healthy
39.99,49.1,5,98,healthy
39.49,60.71,1,65,sick
38.51,67.13,4,107,healthy
37.93,65.13,5,66,healthy
40.5,52.75,4,128,sick
38.74,79.35,1,75,sick
38.71,72.08,6,60,healthy
38.68,78.52,3,96,healthy
38.84,79.35,7,96,healthy
38.6,74.93,6,123,sick
38.3,62.57,6,121,sick
38.32,69.42,8,120,sick
38.68,51.41,0,92,sick
38.32,71.95,9,125,sick
38.2,52.17,5,89,healthy
38.77,72.76,5,79,healthy
38.52,54.18,5,119,sick
39.75,49.7,5,83,healthy
36.84,51.61,9,63,healthy
39.46,45.08,6,96,healthy
39.57,73.75,9,63,healthy
37.25,74.3,5,77,healthy
38.46,65.6,0,125,sick
38.44,51.45,2,107,healthy
37.71,48.34,1,92,sick
38.16,45.77,5,117,sick
37.92,51.63,7,87,healthy
39.93,80.63,2,94,healthy
39.35,54.66,9,69,healthy
39.59,59.17,7,124,sick
39.21,49.21,7,101,healthy
37.91,53.89,4,68,healthy
38.33,65.77,7,119,sick
39.04,69.31,5,74,healthy
37.84,54.81,4,116,sick
39.2,47.31,8,128,sick
38.53,60.64,6,81,healthy
38.44,54.37,7,123,sick
39.2,53.78,0,100,sick
39.01,83.39,1,115,sick
38.45,69.65,7,82,healthy
39.51,67.28,8,84,healthy
37.94,61.63,3,65,healthy
39.13,62.16,9,93,healthy
39.12,66.64,9,122,sick
38.48,72.86,8,68,healthy
38.93,73.09,3,119,sick
37.82,51.87,9,108,healthy
39.35,65.0,9,110,healthy
38.57,61.48,9,119,sick
38.33,79.82,8,129,sick
39.43,70.26,6,96,healthy
38.21,66.3,1,90,sick
37.71,49.62,8,100,healthy
37.61,69.23,3,121,sick
39.12,49.69,7,117,sick
37.8,58.49,6,73,healthy
39.93,50.71,6,95,healthy
37.24,72.68,7,95,healthy
39.89,53.25,0,67,sick
38.85,60.67,4,85,healthy
38.63,80.83,1,95,sick
38.32,53.17,1,107,sick
38.98,65.31,0,87,sick
38.67,61.77,4,127,sick
39.47,45.72,1,121,sick
38.78,76.71,3,110,healthy
38.81,47.76,2,101,healthy
38.45,63.97,2,88,healthy
38.66,67.43,1,69,sick
38.92,70.14,5,98,healthy
37.5,72.55,1,60,sick
37.76,55.13,7,98,healthy
39.22,45.4,7,80,healthy
38.82,73.94,4,124,sick
38.57,66.43,9,74,healthy
38.71,78.44,6,63,healthy
38.94,77.86,3,119,sick
38.32,78.73,0,120,sick
38.16,64.4,1,79,sick
38.84,58.35,9,69,healthy
38.02,76.66,9,93,healthy
38.99,63.05,3,107,healthy
37.51,52.34,0,92,sick
39.42,79.2,7,120,sick
39.03,80.3,8,69,healthy
38.88,63.65,3,113,sick
39.39,48.03,9,124,sick
39.87,60.51,2,60,healthy
39.41,77.14,1,64,sick
37.41,81.07,4,74,healthy
37.8,53.14,2,87,healthy
38.26,47.68,9,82,healthy
38.72,80.09,6,76,healthy
39.06,60.58,5,72,healthy
38.19,66.67,0,73,sick
38.83,83.72,7,70,healthy
38.17,47.66,1,87,sick
38.27,70.93,4,101,healthy
37.72,47.96,8,120,sick
38.05,60.02,7,123,sick
37.75,77.15,1,90,sick
38.02,62.34,8,69,healthy
39.44,84.89,4,67,healthy
38.04,67.36,9,80,healthy
40.54,57.85,5,118,sick
39.05,53.8,2,109,healthy
38.83,59.02,2,128,sick
38.1,59.9,9,129,sick
39.19,47.75,7,89,healthy
38.3,59.78,9,76,healthy
38.79,63.57,9,79,healthy
40.49,73.91,1,107,sick
38.63,71.27,1,61,sick
39.5,73.35,4,96,healthy
38.21,45.33,5,60,healthy
38.68,53.71,1,63,sick
39.94,71.47,4,113,sick
38.26,64.36,6,84,healthy
39.97,45.21,9,62,healthy
39.2,77.18,9,68,healthy
38.31,75.91,7,93,healthy
39.14,66.94,6,102,healthy
39.38,47.66,7,81,healthy
39.14,75.66,8,129,sick
37.6,68.35,4,61,healthy
38.19,76.28,4,125,sick
38.53,75.07,9,91,healthy
38.65,77.12,3,75,healthy
39.13,65.72,8,60,healthy
38.82,50.61,4,107,healthy
37.77,71.85,1,109,sick
38.97,69.82,9,72,healthy
39.13,74.69,7,74,healthy
39.09,51.8,6,112,sick
39.46,52.8,7,103,healthy
39.28,80.62,2,67,healthy
39.02,75.0,3,105,healthy
38.65,81.33,4,128,sick
37.54,75.35,5,78,healthy
39.0,68.89,0,97,sick
38.85,71.17,3,70,healthy
38.89,80.57,9,102,healthy
37.81,68.15,4,79,healthy
37.94,70.3,6,79,healthy
39.44,51.26,4,80,healthy
38.67,63.96,0,116,sick
39.18,73.66,6,109,healthy
38.72,55.84,7,85,healthy
38.72,53.09,6,89,healthy
39.36,57.55,3,90,healthy
38.34,54.66,7,101,healthy
38.77,53.6,4,127,sick
38.38,61.99,9,120,sick
38.4,81.31,8,120,sick
38.48,65.28,9,129,sick
38.86,52.52,4,127,sick
38.36,48.08,0,76,sick
39.58,72.85,8,78,healthy
38.07,60.31,4,110,healthy
38.57,77.87,5,129,sick
38.39,71.38,3,122,sick
39.71,76.85,5,89,healthy
38.84,55.88,7,84,healthy
39.42,72.69,2,85,healthy
37.66,55.56,4,115,sick
38.89,82.56,1,81,sick
39.32,70.45,1,78,sick
38.76,57.98,6,90,healthy
39.45,55.78,9,85,healthy
38.34,52.64,9,101,healthy
39.69,72.79,9,100,healthy
40.31,53.75,5,82,sick
38.45,68.81,3,106,healthy
38.39,55.59,4,72,healthy
39.72,71.48,0,125,sick
39.81,77.6,6,125,sick
38.33,76.12,7,75,healthy
38.41,75.43,8,87,healthy
38.5,52.51,7,94,healthy
37.76,48.54,4,100,healthy
38.06,72.96,2,90,healthy
38.0,59.73,9,91,healthy
38.16,62.29,8,113,sick
38.68,46.25,5,118,sick
38.86,55.38,4,100,healthy
39.79,46.35,2,125,sick
38.0,80.17,5,113,sick
39.39,54.74,2,99,healthy
38.55,67.29,9,87,healthy
38.67,46.56,5,96,healthy
39.17,71.67,3,124,sick
37.91,57.92,1,114,sick
38.97,80.92,7,63,healthy
38.82,80.52,3,69,healthy
39.04,58.01,8,106,healthy
38.9,81.04,6,73,healthy
40.42,84.85,1,97,sick
38.25,78.02,3,71,healthy
38.33,78.79,4,104,healthy
38.26,54.96,2,76,healthy
38.31,68.07,8,94,healthy
38.25,47.69,4,125,sick
39.53,48.8,1,100,sick
39.69,84.96,2,126,sick
38.3,58.07,8,88,healthy
38.12,74.93,6,77,healthy
39.03,77.27,1,79,sick
38.31,79.32,8,73,healthy
39.14,84.91,3,93,healthy
38.84,54.66,8,108,healthy
37.64,46.61,1,113,sick
39.78,61.45,9,90,healthy
39.96,50.2,3,117,sick
38.27,45.9,4,101,healthy
38.43,59.42,1,117,sick
38.9,76.35,9,89,healthy
38.93,67.65,0,84,sick
39.16,57.51,6,122,sick
40.11,71.17,9,78,sick
38.58,54.28,0,67,sick
38.14,45.58,7,62,healthy
37.73,75.57,2,126,sick
38.19,69.95,9,76,healthy
38.68,75.49,5,73,healthy
39.96,46.56,6,68,healthy
38.34,78.48,9,121,sick
38.86,69.78,0,80,sick
38.69,67.54,5,96,healthy
39.53,69.98,6,70,healthy
40.47,79.58,5,79,sick
38.33,68.48,3,94,healthy
38.36,68.24,0,112,sick
39.43,84.63,8,106,healthy
39.18,75.27,3,111,sick
39.99,62.69,6,67,healthy
39.11,73.3,6,63,healthy
38.45,60.57,1,86,sick
39.11,54.16,0,103,sick
39.48,68.87,7,99,healthy
39.27,82.13,7,106,healthy
39.06,82.17,6,103,healthy
39.45,58.68,7,107,healthy
39.52,66.11,2,111,sick
39.67,53.47,1,127,sick
39.15,84.83,6,70,healthy
38.58,84.24,7,63,healthy
38.8,70.98,0,107,sick
39.54,77.18,9,85,healthy
38.13,73.6,8,98,healthy
38.96,68.73,3,117,sick
38.42,47.13,3,78,healthy
38.72,63.19,2,117,sick
39.59,71.99,5,87,healthy
38.83,72.1,0,125,sick
38.73,59.92,5,69,healthy
37.75,82.67,1,117,sick
39.22,51.69,8,73,healthy
39.15,65.01,1,74,sick
40.21,72.64,6,92,sick
38.48,72.89,0,76,sick
38.85,70.95,6,83,healthy
38.87,56.01,4,89,healthy
39.8,51.25,7,121,sick
38.63,70.44,3,72,healthy
38.9,68.97,9,121,sick
39.13,52.17,6,106,healthy
38.83,73.21,5,75,healthy
38.39,63.21,4,125,sick
38.84,71.71,3,102,healthy
39.45,78.49,6,67,healthy
37.98,51.79,4,62,healthy
38.79,45.77,4,71,healthy
38.21,76.16,0,75,sick
39.54,69.39,1,118,sick
37.63,72.99,4,108,healthy
38.31,78.53,2,122,sick
38.96,77.11,1,121,sick
39.8,83.44,3,108,healthy
38.65,66.44,3,110,healthy
38.31,64.54,3,92,healthy
40.02,61.08,3,89,sick
37.69,51.15,2,118,sick
37.16,67.9,6,74,healthy
39.01,56.08,8,82,healthy
38.35,81.85,4,104,healthy
37.99,68.33,3,121,sick
39.2,68.71,1,74,sick
38.87,59.2,1,105,sick
38.31,47.08,4,123,sick
37.8,46.27,6,105,healthy
39.31,61.93,9,115,sick
39.16,48.38,9,103,healthy
38.63,69.27,8,88,healthy
39.99,80.24,6,121,sick
37.95,80.32,4,111,sick
37.63,71.36,9,113,sick
38.22,53.45,9,116,sick
38.67,79.52,9,125,sick
38.87,80.44,5,81,healthy
38.53,52.87,2,79,healthy
38.95,74.5,4,92,healthy
37.82,56.46,7,84,healthy
39.71,77.11,0,105,sick
38.64,84.89,0,116,sick
39.48,46.2,6,64,healthy
38.94,80.89,4,114,sick
39.02,69.91,4,120,sick
39.1,83.94,0,67,sick
39.01,63.6,8,75,healthy
39.15,78.9,0,107,sick
39.63,47.5,4,120,sick
38.84,58.41,9,74,healthy
39.2,47.68,8,124,sick
38.64,84.01,3,81,healthy
39.71,77.68,7,62,healthy
38.23,79.1,5,113,sick
39.96,82.52,2,73,healthy
38.67,48.4,3,95,healthy
37.7,60.42,1,126,sick
38.79,47.84,0,69,sick
38.22,53.43,7,108,healthy
39.29,54.17,0,124,sick
38.24,63.76,0,116,sick
38.39,55.74,3,86,healthy
37.38,49.04,9,64,healthy
38.38,51.7,9,116,sick
37.0,50.89,5,74,healthy
37.59,83.92,8,89,healthy
39.23,75.37,0,79,sick
39.25,83.71,6,96,healthy
39.0,62.59,9,62,healthy
38.02,56.13,4,100,healthy
38.67,76.93,7,98,healthy
38.7,58.05,6,85,healthy
37.89,56.98,3,61,healthy
39.75,54.3,3,82,healthy
39.31,50.19,5,82,healthy
38.55,55.26,5,75,healthy
38.72,59.21,8,68,healthy
38.85,71.96,4,72,healthy
37.27,47.5,7,87,healthy
38.53,53.42,4,86,healthy
38.22,77.36,1,110,sick
38.0,50.88,5,123,sick
38.5,58.71,8,111,sick
39.96,79.59,2,97,healthy
39.15,51.2,0,124,sick
38.3,48.31,0,77,sick
39.1,64.38,2,122,sick
39.68,57.1,9,110,healthy
39.35,67.54,4,68,healthy
38.74,77.15,2,72,healthy
38.25,50.49,8,99,healthy
39.19,68.23,7,114,sick
38.98,65.22,2,102,healthy
39.33,50.76,8,103,healthy
39.14,69.96,5,127,sick
39.43,55.95,6,92,healthy
38.33,64.51,3,83,healthy
39.62,48.29,3,95,healthy
38.84,63.38,1,69,sick
40.15,57.26,4,79,sick
38.22,77.9,7,71,healthy
39.92,47.28,6,121,sick
38.84,61.74,6,77,healthy
38.24,63.34,5,122,sick
38.36,74.0,2,84,healthy
38.48,67.97,4,71,healthy
39.0,71.69,0,80,sick
39.07,76.08,6,84,healthy
38.3,79.49,8,70,healthy
38.68,57.56,0,123,sick
40.2,66.52,1,109,sick
39.91,78.6,2,121,sick
39.01,84.58,2,108,healthy
38.73,80.58,7,73,healthy
38.78,59.86,6,60,healthy
39.13,52.81,5,84,healthy
37.98,64.58,9,118,sick
38.52,74.67,9,128,sick
37.53,64.7,3,64,healthy
38.98,64.33,8,78,healthy
39.15,78.53,0,82,sick
38.36,59.46,1,68,sick
39.8,79.39,3,109,healthy
37.84,61.27,2,75,healthy
37.67,58.13,0,92,sick
38.86,63.16,4,61,healthy
39.43,75.5,6,73,healthy
39.88,50.04,1,60,sick
38.38,52.86,4,117,sick
39.46,83.06,5,75,healthy
38.67,52.02,6,106,healthy
38.58,67.71,0,103,sick
39.32,68.17,6,73,healthy
39.16,64.58,3,83,healthy
37.6,70.79,7,114,sick
39.73,54.19,3,74,healthy
39.67,67.11,5,93,healthy
38.26,59.89,8,61,healthy
38.98,71.47,4,86,healthy
39.05,50.65,3,82,healthy
38.88,67.84,7,127,sick
38.31,52.41,8,73,healthy
38.23,56.15,3,122,sick
38.68,53.75,2,124,sick
39.52,52.31,7,127,sick
39.08,78.03,4,122,sick
38.44,56.43,1,123,sick
39.24,82.08,9,91,healthy
36.71,83.8,8,72,healthy
39.5,67.85,2,125,sick
37.48,50.72,1,78,sick
38.45,59.98,0,83,sick
37.92,76.91,7,70,healthy
37.79,59.7,2,118,sick
39.51,48.48,6,74,healthy
38.37,67.27,0,69,sick
38.94,78.8,0,100,sick
38.67,76.84,8,86,healthy
39.03,52.0,7,119,sick
38.75,71.91,2,111,sick
37.8,53.82,5,87,healthy
39.4,53.73,2,124,sick
38.35,79.96,3,76,healthy
37.61,54.99,0,103,sick
38.4,55.53,4,69,healthy
39.75,45.03,0,122,sick
39.3,79.83,0,106,sick
38.46,76.7,9,97,healthy
38.46,70.09,6,129,sick
38.47,75.01,5,112,sick
40.15,51.08,1,103,sick
38.97,63.33,1,113,sick
39.0,59.05,6,79,healthy
39.42,48.75,0,90,sick
38.87,64.45,1,66,sick
38.52,81.83,7,117,sick
38.56,46.6,5,69,healthy
38.65,56.66,1,69,sick
38.67,53.3,6,98,healthy
39.21,54.53,3,87,healthy
38.74,81.34,1,89,sick
39.21,63.72,5,96,healthy
38.64,63.65,8,126,sick
38.76,75.42,8,102,healthy
37.3,51.18,7,111,sick
39.34,64.49,2,115,sick
38.94,62.2,2,127,sick
39.4,68.88,1,68,sick
36.67,84.98,4,82,healthy
40.16,75.78,3,122,sick
38.6,60.91,6,120,sick
39.48,78.1,3,99,healthy
37.97,51.83,8,103,healthy
39.13,46.22,1,83,sick
37.96,53.18,5,110,healthy
38.26,58.62,6,117,sick
40.04,65.42,3,92,sick
38.57,69.61,5,75,healthy
38.85,81.42,6,81,healthy
39.31,65.39,3,116,sick
39.05,65.05,7,121,sick
38.81,47.01,8,129,sick
38.96,46.4,0,89,sick
40.38,67.05,6,82,sick
38.66,62.53,8,91,healthy
38.84,78.57,9,116,sick
39.44,51.43,4,68,healthy
39.47,46.0,1,90,sick
39.53,62.96,9,68,healthy
39.15,54.5,5,72,healthy
37.9,46.98,6,117,sick
39.84,73.98,1,62,sick
37.9,49.46,1,94,sick
38.91,69.33,9,80,healthy
38.17,56.24,9,123,sick
38.66,51.94,0,111,sick
38.93,60.19,3,93,healthy
38.92,77.06,6,94,healthy
39.0,60.68,8,74,healthy
39.83,75.03,2,65,healthy
39.02,50.02,6,91,healthy
38.53,75.91,6,111,sick
39.37,54.48,6,87,healthy
39.53,72.1,1,123,sick
37.84,67.63,5,78,healthy
39.12,82.17,1,74,sick
39.19,60.49,5,65,healthy
38.49,47.65,9,97,healthy
39.66,45.77,2,85,healthy
38.59,78.07,1,110,sick
38.79,65.99,5,112,sick
38.58,76.01,1,115,sick
38.71,54.38,4,118,sick
37.93,58.8,1,129,sick
37.69,46.2,2,117,sick
39.82,83.46,2,72,healthy
38.11,71.71,5,102,healthy
38.01,82.33,5,110,healthy
37.19,55.62,9,78,healthy
38.25,69.46,2,80,healthy
37.77,72.14,2,83,healthy
39.85,57.7,0,85,sick
39.41,78.92,6,104,healthy
38.22,82.89,7,87,healthy
40.28,80.39,1,88,sick
39.39,74.56,3,76,healthy
38.47,56.1,9,127,sick
36.95,56.26,6,103,healthy
40.3,83.53,7,120,sick
37.73,45.41,0,127,sick
37.55,73.64,3,84,healthy
39.42,73.25,5,126,sick
40.41,69.91,2,61,sick
39.67,84.6,4,108,healthy
39.09,57.48,9,129,sick
39.12,58.6,8,85,healthy
39.3,48.16,2,86,healthy
39.23,62.71,4,77,healthy
38.9,55.44,7,113,sick
38.77,58.74,5,60,healthy
38.66,78.38,3,120,sick
38.17,82.42,7,62,healthy
38.5,52.43,2,127,sick
37.51,59.9,2,100,healthy
38.63,82.15,3,96,healthy
38.01,47.47,8,110,healthy
37.93,48.69,4,74,healthy
38.83,51.51,7,67,healthy
39.67,68.81,5,97,healthy
39.34,51.02,2,115,sick
37.6,83.72,7,106,healthy
38.01,62.87,8,69,healthy
39.36,65.06,7,108,healthy
38.01,54.87,3,100,healthy
38.54,63.84,5,89,healthy
39.09,71.48,0,64,sick
38.02,75.05,3,90,healthy
38.77,75.15,7,111,sick
37.77,68.12,0,82,sick
38.28,81.17,2,107,healthy
38.92,77.7,0,99,sick
37.58,75.28,8,65,healthy
39.01,47.22,1,97,sick
38.69,45.28,8,100,healthy
39.09,53.5,3,86,healthy
38.86,71.54,1,128,sick
39.65,61.45,3,116,sick
38.79,61.1,9,76,healthy
38.4,80.38,5,106,healthy
38.79,80.82,6,72,healthy
39.08,81.37,2,70,healthy
38.73,57.56,2,83,healthy
38.73,72.64,9,63,healthy
38.21,55.87,7,105,healthy
38.24,52.62,4,77,healthy
37.72,52.39,3,102,healthy
39.92,58.68,6,92,healthy
37.83,62.2,6,69,healthy
38.21,78.24,8,118,sick
38.2,49.8,8,90,healthy
39.33,74.4,4,87,healthy
38.49,66.26,7,119,sick
39.57,56.52,9,62,healthy
38.23,64.71,0,114,sick
38.9,57.0,8,73,healthy
38.12,68.84,7,117,sick
40.2,62.35,5,74,sick
37.87,51.58,2,61,healthy
38.92,49.66,2,83,healthy
39.14,66.87,7,123,sick
38.99,81.1,4,83,healthy
38.57,58.76,9,86,healthy
38.61,74.32,6,96,healthy
38.73,71.35,4,98,healthy
38.6,82.26,7,122,sick
39.37,77.84,9,85,healthy
40.25,67.66,9,124,sick
38.31,71.28,3,63,healthy
37.74,80.94,1,88,sick
38.64,60.98,2,60,healthy
40.51,58.07,7,109,sick
38.14,45.43,6,70,healthy
39.85,78.06,1,118,sick
39.87,77.04,5,121,sick
38.31,49.18,8,95,healthy
39.1,68.07,3,115,sick
39.84,63.56,8,80,healthy
38.43,49.75,1,72,sick
38.56,84.22,1,68,sick
38.29,53.59,8,70,healthy
37.99,47.69,6,129,sick
38.25,68.79,6,60,healthy
37.84,74.55,0,129,sick
38.72,46.3,5,115,sick
38.16,71.35,6,90,healthy
38.86,66.29,5,96,healthy
37.61,49.13,5,106,healthy
38.93,51.9,1,106,sick
39.28,67.72,5,128,sick
37.3,56.85,3,117,sick
38.96,82.53,8,95,healthy
39.56,77.75,0,91,sick
37.85,84.34,7,123,sick
39.87,55.39,4,101,healthy
38.99,83.79,0,107,sick
38.21,62.25,3,89,healthy
38.66,58.9,0,80,sick
39.09,47.01,5,119,sick
38.75,47.11,1,72,sick
39.08,72.68,4,60,healthy
38.06,63.32,6,124,sick
38.82,54.06,1,92,sick
37.71,69.56,5,97,healthy
38.62,55.11,5,84,healthy
38.07,68.11,4,85,healthy
38.19,59.37,4,118,sick
39.57,77.94,2,92,healthy
39.46,77.83,9,100,healthy
39.13,64.09,9,89,healthy
37.94,59.03,1,116,sick
38.48,59.5,6,108,healthy
39.55,77.23,0,107,sick
38.8,58.13,5,108,healthy
40.32,53.36,5,106,sick
38.98,48.39,2,115,sick
38.83,63.67,1,124,sick
38.48,64.29,1,71,sick
38.79,78.64,8,128,sick
38.59,53.85,4,65,healthy
39.2,60.24,6,124,sick
39.37,77.34,4,84,healthy
38.15,77.94,6,60,healthy
37.77,60.38,3,91,healthy
37.41,63.36,7,62,healthy
39.06,57.13,9,108,healthy
37.93,82.3,9,78,healthy
37.19,49.75,6,119,sick
38.97,82.35,9,88,healthy
40.45,72.35,4,109,sick
38.7,66.26,5,61,healthy
39.29,46.31,4,115,sick
38.76,64.02,6,76,healthy
38.63,61.31,1,119,sick
39.34,51.45,4,95,healthy
38.5,71.26,9,120,sick
38.89,83.85,2,76,healthy
38.93,67.49,8,108,healthy
38.23,73.59,5,119,sick
39.39,47.74,9,79,healthy
38.58,61.71,2,109,healthy
38.17,49.65,6,62,healthy
39.08,69.51,3,102,healthy
38.07,82.54,2,116,sick
38.72,71.47,7,109,healthy
38.69,48.07,3,127,sick
39.46,59.19,0,109,sick
39.03,67.03,5,96,healthy
38.68,61.13,9,105,healthy
39.27,78.35,0,101,sick
39.67,77.59,4,74,healthy
39.09,69.47,6,92,healthy
38.71,59.94,5,70,healthy
37.78,55.21,1,79,sick
37.95,49.23,3,83,healthy
38.49,59.2,1,123,sick
38.27,61.53,0,124,sick
38.57,72.03,2,76,healthy
38.74,71.33,2,120,sick
39.07,47.8,6,74,healthy
38.65,60.81,0,110,sick
39.04,52.27,8,86,healthy
38.75,51.27,5,120,sick
37.32,78.09,3,117,sick
38.04,46.68,2,90,healthy
38.6,61.77,2,71,healthy
37.85,51.73,1,105,sick
39.12,80.17,1,90,sick
39.77,67.28,9,91,healthy
39.55,54.26,4,91,healthy
38.55,65.1,8,112,sick
39.74,74.26,1,120,sick
38.8,83.32,1,105,sick
38.46,53.82,5,66,healthy
38.27,80.45,9,63,healthy
38.49,82.37,1,111,sick
38.43,81.66,3,90,healthy
38.82,70.42,5,95,healthy
38.81,70.19,4,113,sick
38.7,61.13,0,113,sick
39.01,75.1,5,76,healthy
39.53,66.25,0,89,sick
39.36,72.1,2,81,healthy
37.66,62.14,9,102,healthy
36.91,74.26,4,86,healthy
39.35,77.98,9,96,healthy
37.74,50.86,4,105,healthy
38.54,78.32,9,94,healthy
37.88,66.61,5,63,healthy
37.44,78.79,9,85,healthy
39.08,62.25,7,78,healthy
39.23,60.16,4,104,healthy
38.3,81.6,0,85,sick
36.89,55.05,4,81,healthy
38.32,78.77,2,117,sick
38.97,64.36,3,122,sick
37.66,65.56,7,87,healthy
38.83,57.34,6,124,sick
38.69,67.92,4,103,healthy
39.11,58.01,1,102,sick
38.78,46.57,5,96,healthy
38.02,55.88,5,125,sick
39.54,45.26,9,76,healthy
38.59,84.13,9,99,healthy
38.68,83.63,5,97,healthy
38.05,60.81,8,120,sick
38.39,74.13,7,68,healthy
38.08,58.83,7,120,sick
38.58,71.84,0,75,sick
39.9,77.22,4,61,healthy
37.74,82.87,6,102,healthy
37.57,61.01,5,101,healthy
39.73,76.33,4,116,sick
38.55,55.64,7,126,sick
38.23,84.61,2,89,healthy
39.43,46.03,5,72,healthy
38.28,69.14,4,78,healthy
39.98,71.38,7,66,healthy
39.17,72.52,3,68,healthy
38.36,49.82,7,113,sick
40.21,82.54,9,120,sick
38.28,52.25,1,61,sick
39.22,69.91,8,109,healthy
38.91,53.91,8,90,healthy
39.61,57.29,9,92,healthy
39.79,66.86,9,70,healthy
38.72,61.69,5,92,healthy
38.17,51.41,3,66,healthy
39.02,51.84,3,90,healthy
38.23,61.73,5,107,healthy
40.11,75.29,4,106,sick
38.8,80.92,5,112,sick
38.44,48.37,6,78,healthy
38.83,60.72,6,65,healthy
37.76,49.01,8,108,healthy
38.02,45.66,7,109,healthy
39.54,71.47,5,71,healthy
38.24,69.1,5,82,healthy
37.97,51.52,4,113,sick
39.08,54.35,0,128,sick
39.53,45.95,8,118,sick
39.2,78.4,8,95,healthy
39.4,83.99,8,62,healthy
38.17,50.42,7,117,sick
37.7,54.26,9,114,sick
39.75,79.74,2,116,sick
38.47,82.06,0,76,sick
38.52,61.79,7,98,healthy
39.63,47.02,6,127,sick
39.09,46.58,4,114,sick
39.02,67.96,9,104,healthy
40.22,60.72,6,60,sick
38.25,46.15,9,80,healthy
39.35,68.33,3,80,healthy
38.74,45.45,8,111,sick
38.89,76.49,9,102,healthy
39.77,57.26,1,111,sick
39.06,46.61,8,126,sick
39.08,68.53,8,103,healthy
39.45,60.91,4,91,healthy
38.44,83.95,0,69,sick
38.11,66.77,6,123,sick
37.97,56.01,9,128,sick
37.32,73.38,9,127,sick
40.14,55.86,3,87,sick
37.93,81.17,8,112,sick
38.55,59.99,5,110,healthy
38.51,66.99,2,112,sick
38.92,47.02,5,63,healthy
39.27,62.04,9,76,healthy
39.3,78.29,5,126,sick
38.29,77.23,4,106,healthy
38.58,53.97,1,115,sick
38.9,54.04,9,82,healthy
38.53,77.69,9,77,healthy
39.83,82.22,1,60,sick
39.04,48.81,6,94,healthy
39.21,63.0,1,123,sick
39.16,58.5,5,117,sick
39.52,79.83,4,118,sick
38.83,48.34,3,60,healthy
37.79,53.45,6,62,healthy
38.98,75.1,7,126,sick
38.24,47.05,3,96,healthy
38.33,64.7,0,88,sick
39.11,62.68,0,92,sick
39.57,58.38,0,120,sick
38.71,60.78,0,63,sick
38.92,66.2,4,73,healthy
39.89,51.45,3,92,healthy
38.87,67.88,8,81,healthy
40.52,77.22,2,107,sick
39.1,75.41,6,62,healthy
37.47,51.16,7,82,healthy
39.23,50.97,5,127,sick
38.97,55.73,9,80,healthy
39.6,59.44,0,102,sick
39.17,61.34,7,85,healthy
38.6,72.19,9,100,healthy
37.84,47.27,2,97,healthy
38.55,46.39,7,70,healthy
38.1,60.68,3,88,healthy
38.29,72.89,7,119,sick
39.11,52.74,0,126,sick
39.87,70.66,2,124,sick
38.98,55.39,5,120,sick
37.86,80.44,8,78,healthy
39.01,80.83,1,105,sick
39.54,56.89,0,108,sick
38.27,54.2,9,81,healthy
38.61,61.45,2,116,sick
38.71,54.62,3,73,healthy
38.15,71.9,4,103,healthy
39.15,78.04,2,75,healthy
38.62,71.92,9,71,healthy
38.99,77.97,1,114,sick
38.08,60.88,1,110,sick
38.39,51.25,6,98,healthy
39.21,74.52,8,92,healthy
38.44,59.42,9,92,healthy
39.91,71.85,1,88,sick
38.42,55.83,6,128,sick
38.86,48.25,6,129,sick
39.35,84.7,6,90,healthy
37.71,51.25,2,90,healthy
37.47,84.54,6,105,healthy
37.63,84.09,0,111,sick
39.58,76.75,9,69,healthy
38.31,71.38,0,100,sick
40.49,68.11,4,62,sick
38.31,79.64,1,118,sick
38.83,56.58,8,111,sick
39.78,63.71,6,93,healthy
40.1,69.78,3,108,sick
40.14,61.45,3,87,sick
39.55,62.1,1,72,sick
39.42,58.21,4,128,sick
39.11,67.57,3,126,sick
39.24,79.02,0,120,sick
38.31,53.06,7,119,sick
38.13,82.38,2,83,healthy
38.7,72.56,5,122,sick
38.58,77.93,3,120,sick
38.38,67.25,8,82,healthy
39.19,76.18,6,89,healthy
39.37,45.65,8,119,sick
38.76,77.74,9,77,healthy
39.73,46.61,2,115,sick
37.9,80.6,0,112,sick
38.56,84.68,4,66,healthy
38.2,56.76,2,128,sick
37.39,53.41,5,111,sick
38.64,75.61,7,63,healthy
38.61,55.12,3,93,healthy
39.76,79.62,4,128,sick
39.14,49.11,4,92,healthy
37.98,50.04,3,128,sick
40.0,84.17,3,97,healthy
39.55,71.95,3,85,healthy
39.11,78.88,3,60,healthy
38.54,57.97,3,63,healthy
38.03,72.06,4,98,healthy
38.44,68.77,1,113,sick
39.46,69.13,1,92,sick
40.02,72.3,8,92,sick
39.78,68.01,1,79,sick
38.36,62.16,5,75,healthy
37.92,56.04,1,80,sick
38.8,75.74,4,104,healthy
37.46,54.05,3,121,sick
38.93,72.69,6,90,healthy
38.6,54.33,6,101,healthy
38.37,70.01,5,71,healthy
37.58,74.88,9,124,sick
39.06,53.75,4,62,healthy
38.33,47.4,0,68,sick
37.88,50.24,2,110,healthy
36.69,69.24,8,75,healthy
38.68,78.98,0,62,sick
39.94,46.8,4,83,healthy
39.86,74.37,1,72,sick
38.38,58.65,3,61,healthy
38.28,64.14,0,80,sick
39.03,82.15,2,78,healthy
38.0,58.28,9,106,healthy
38.91,63.61,6,81,healthy
39.24,45.55,9,92,healthy
39.56,48.26,2,91,healthy
38.63,55.34,3,123,sick
38.56,46.11,1,98,sick
38.09,70.26,2,101,healthy
38.12,62.06,8,68,healthy
38.54,66.93,2,84,healthy
38.96,51.99,4,61,healthy
39.34,56.84,1,78,sick
38.14,71.55,3,79,healthy
39.74,83.61,6,129,sick
38.51,47.02,6,76,healthy
38.69,80.62,2,127,sick
38.18,68.08,4,62,healthy
37.0,67.56,0,110,sick
39.32,65.01,9,85,healthy
39.22,47.78,9,115,sick
38.5,48.6,9,123,sick
38.75,69.04,0,67,sick
39.06,58.64,4,96,healthy
37.61,81.69,9,86,healthy
38.33,61.26,8,104,healthy
39.26,50.73,0,63,sick
37.82,73.59,0,96,sick
38.91,56.73,3,92,healthy
37.75,66.02,3,90,healthy
39.03,72.91,1,114,sick
38.68,81.01,8,71,healthy
37.57,76.69,8,70,healthy
39.52,72.05,1,91,sick
38.19,72.19,8,116,sick
38.13,82.84,5,97,healthy
38.84,56.83,7,119,sick
39.5,45.04,9,78,healthy
37.99,55.88,3,115,sick
38.74,53.72,1,73,sick
39.0,71.47,1,92,sick
39.19,70.35,8,69,healthy
38.82,68.74,0,123,sick
38.44,45.65,6,123,sick
38.12,74.15,2,121,sick
38.76,57.94,2,127,sick
37.95,71.6,1,102,sick
36.66,67.26,9,118,sick
39.01,58.71,5,111,sick
39.33,50.38,9,78,healthy
37.05,48.78,1,80,sick
37.99,78.26,9,81,healthy
39.13,81.74,3,68,healthy
40.14,70.99,9,68,sick
38.71,49.14,8,86,healthy
38.19,61.08,8,76,healthy
38.57,74.16,5,103,healthy
39.66,76.19,3,104,healthy
38.25,49.73,6,67,healthy
38.14,45.0,0,77,sick
38.36,73.49,3,92,healthy
38.03,59.26,4,60,healthy
38.79,55.18,7,65,healthy
39.84,45.52,1,100,sick
38.93,66.61,4,114,sick
38.52,79.05,5,64,healthy
38.5,83.31,4,118,sick
37.61,67.63,8,77,healthy
39.32,65.58,9,108,healthy
38.65,48.4,0,124,sick
38.57,66.95,2,113,sick
40.94,60.2,1,120,sick
38.91,69.29,2,67,healthy
38.17,60.55,9,62,healthy
38.4,54.61,8,84,healthy
39.5,48.8,8,128,sick
38.78,57.6,9,114,sick
37.69,48.87,1,99,sick
39.34,52.08,2,109,healthy
38.23,84.49,3,92,healthy
40.01,62.76,8,77,sick
39.46,66.27,2,116,sick
38.39,79.94,6,75,healthy
39.6,84.82,2,97,healthy
38.75,68.31,6,100,healthy
39.3,77.5,6,66,healthy
39.04,58.08,8,112,sick
38.11,57.23,1,122,sick
38.25,61.11,5,91,healthy
39.42,71.9,8,97,healthy
38.47,72.29,1,81,sick
38.42,57.61,1,75,sick
38.03,50.33,4,111,sick
39.0,70.3,9,88,healthy
40.14,50.13,9,75,sick
37.95,68.14,9,76,healthy
38.72,72.74,7,123,sick
39.69,73.02,8,72,healthy
38.64,75.14,1,115,sick
39.02,79.91,4,64,healthy
37.96,65.0,6,71,healthy
39.0,74.21,5,100,healthy
38.57,69.77,5,62,healthy
39.39,52.47,6,92,healthy
39.53,46.03,2,109,healthy
40.51,56.38,2,115,sick
39.11,62.72,9,68,healthy
38.93,69.68,8,109,healthy
38.84,79.0,7,88,healthy
38.45,52.85,4,98,healthy
38.94,50.02,5,104,healthy
38.49,83.54,9,76,healthy
38.82,49.32,0,115,sick
39.62,64.14,9,105,healthy
38.0,68.42,0,126,sick
39.5,66.65,3,128,sick
39.62,48.44,1,73,sick
38.62,47.28,6,126,sick
37.21,49.22,1,82,sick
38.27,68.42,9,120,sick
39.61,66.77,1,82,sick
38.68,54.35,4,86,healthy
38.0,70.51,3,113,sick
38.35,77.8,7,69,healthy
39.29,46.66,3,75,healthy
39.08,64.93,5,100,healthy
38.53,72.57,4,114,sick
38.44,55.09,1,120,sick
38.43,57.31,7,108,healthy
38.05,69.55,1,111,sick
39.83,80.92,8,61,healthy
38.47,77.4,8,109,healthy
39.55,68.33,2,102,healthy
39.76,74.21,3,67,healthy
39.4,59.59,7,118,sick
38.4,70.64,8,124,sick
38.98,63.65,2,71,healthy
38.68,52.6,4,63,healthy
38.07,73.07,7,100,healthy
38.93,67.26,2,66,healthy
37.87,59.34,6,128,sick
39.53,81.45,7,128,sick
38.37,45.84,9,89,healthy
38.84,57.63,2,65,healthy
38.9,47.28,1,78,sick
38.52,75.66,9,125,sick
39.11,73.08,6,69,healthy
38.37,58.25,8,75,healthy
39.31,72.03,0,96,sick
37.76,60.84,2,91,healthy
38.79,75.25,4,106,healthy
40.06,63.17,2,102,sick
38.0,61.49,0,95,sick
38.23,82.39,6,85,healthy
39.06,55.04,6,69,healthy
38.83,49.82,9,90,healthy
38.95,68.38,7,88,healthy
39.04,83.77,4,64,healthy
39.14,60.11,9,60,healthy
39.48,47.48,4,62,healthy
38.99,58.57,4,126,sick
38.53,65.24,0,94,sick
39.17,51.48,9,74,healthy
40.03,71.32,4,126,sick
38.61,84.91,5,89,healthy
38.02,63.07,0,102,sick
39.47,59.19,6,119,sick
38.62,61.03,0,99,sick
37.18,49.61,1,124,sick
39.29,80.33,1,88,sick
38.33,61.59,4,78,healthy
38.64,60.49,9,62,healthy
38.93,71.39,6,95,healthy
38.83,62.68,0,102,sick
39.2,70.93,9,74,healthy
38.4,47.46,0,100,sick
39.06,77.55,0,95,sick
38.52,82.62,5,92,healthy
39.22,70.95,1,64,sick
39.13,83.18,0,73,sick
38.05,51.06,5,127,sick
39.46,64.1,1,106,sick
38.32,69.07,5,113,sick
39.27,68.27,9,63,healthy
38.96,61.06,7,68,healthy
39.99,58.52,1,112,sick
38.54,50.07,8,119,sick
38.46,60.67,7,105,healthy
38.69,51.51,9,113,sick
38.49,74.37,0,96,sick
39.26,53.35,6,82,healthy
37.57,47.34,9,86,healthy
37.96,67.09,5,129,sick
37.95,68.81,5,125,sick
39.37,79.88,5,120,sick
39.9,68.08,5,110,healthy
38.63,58.82,9,109,healthy
38.58,77.12,6,78,healthy
38.75,66.61,2,60,healthy
39.51,48.17,5,99,healthy
38.05,67.63,2,91,healthy
38.87,81.32,6,81,healthy
39.38,60.85,6,125,sick
39.05,56.85,7,99,healthy
38.83,50.74,1,97,sick
39.4,51.06,8,107,healthy
36.81,62.31,4,114,sick
39.17,68.83,8,114,sick
38.24,48.22,9,110,healthy
37.42,82.58,4,119,sick
39.06,75.21,6,67,healthy
39.66,68.46,8,127,sick
38.6,78.14,3,68,healthy
39.37,48.21,1,61,sick
39.83,64.07,8,129,sick
39.62,70.2,1,118,sick
39.85,78.15,2,78,healthy
39.22,76.34,9,87,healthy
38.75,56.08,1,73,sick
37.58,82.64,2,83,healthy
38.53,49.97,5,103,healthy
38.11,80.01,2,115,sick
40.22,83.84,9,110,sick
38.58,52.09,7,91,healthy
38.79,73.88,5,109,healthy
39.09,46.61,6,100,healthy
38.73,61.22,0,125,sick
39.89,65.65,2,84,healthy
38.26,68.23,2,120,sick
38.84,82.44,1,125,sick
38.18,71.89,6,101,healthy
37.78,64.25,8,124,sick
38.27,77.39,3,95,healthy
38.67,83.02,4,68,healthy
38.4,45.88,2,95,healthy
38.22,84.3,8,97,healthy
37.72,48.45,3,92,healthy
38.64,77.58,4,101,healthy
37.65,56.21,0,120,sick
39.23,50.29,1,105,sick
38.76,62.59,8,120,sick
37.68,70.76,1,77,sick
38.48,60.24,4,129,sick
38.17,47.18,7,74,healthy
38.92,68.98,2,107,healthy
39.64,81.1,5,72,healthy
37.39,60.33,3,102,healthy
38.78,53.65,6,119,sick
38.59,62.7,9,116,sick
39.17,46.93,2,76,healthy
38.85,77.82,5,109,healthy
38.17,78.05,9,91,healthy
38.48,68.52,8,81,healthy
38.14,59.12,9,114,sick
39.45,76.99,0,116,sick
38.71,67.19,2,72,healthy
40.03,78.04,1,106,sick
38.66,70.26,7,121,sick
38.2,76.38,6,113,sick
37.64,68.94,1,88,sick
37.44,61.57,5,81,healthy
37.59,83.32,2,124,sick
38.89,66.64,7,88,healthy
39.06,69.2,9,107,healthy
37.59,53.82,2,64,healthy
39.33,70.03,9,94,healthy
38.36,67.86,8,105,healthy
38.8,52.39,0,94,sick
39.83,47.38,4,104,healthy
39.33,69.17,2,72,healthy
38.51,75.55,5,69,healthy
38.08,65.94,9,125,sick
37.19,54.07,1,129,sick
38.2,71.66,8,84,healthy
38.55,48.2,5,103,healthy
38.01,62.67,6,119,sick
38.61,51.53,4,106,healthy
38.75,52.38,8,99,healthy
38.54,53.09,0,66,sick
38.24,60.47,4,105,healthy
38.82,47.05,9,82,healthy
39.01,60.91,5,105,healthy
37.94,65.47,6,72,healthy
39.69,64.33,3,80,healthy
38.63,60.31,0,60,sick
38.71,78.57,7,78,healthy
39.2,50.81,9,119,sick
38.86,65.23,3,92,healthy
39.37,47.48,2,63,healthy
38.9,47.85,6,62,healthy
38.27,67.95,1,111,sick
38.95,67.64,7,87,healthy
37.9,80.12,5,129,sick
38.78,67.31,6,129,sick
38.68,83.39,4,114,sick
38.55,46.95,8,116,sick
38.61,48.92,4,75,healthy
37.38,46.76,4,83,healthy
38.32,52.41,2,128,sick
38.76,66.65,0,100,sick
38.81,70.82,1,106,sick
37.98,46.82,7,128,sick
39.59,82.84,0,90,sick
38.09,78.69,6,89,healthy
39.38,56.86,4,77,healthy
39.0,48.09,2,103,healthy
38.25,51.8,6,86,healthy
39.94,50.08,8,85,healthy
37.86,49.93,1,119,sick
39.34,65.74,7,77,healthy
39.4,54.83,8,115,sick
38.23,59.33,2,90,healthy
39.67,84.58,1,118,sick
38.52,72.37,6,61,healthy
38.9,82.96,4,98,healthy
38.88,50.7,4,120,sick
38.61,60.29,9,122,sick
39.27,67.19,4,77,healthy
39.26,48.07,3,76,healthy
37.48,45.17,4,98,healthy
39.61,71.82,3,113,sick
37.54,70.67,5,94,healthy
39.42,61.43,3,70,healthy
39.49,64.59,1,120,sick
37.94,61.62,8,103,healthy
38.41,45.96,1,127,sick
37.93,58.41,8,84,healthy
38.55,52.08,9,107,healthy
38.48,48.94,5,91,healthy
39.25,83.27,8,63,healthy
39.62,68.97,8,97,healthy
39.68,74.15,2,122,sick
38.31,57.61,0,106,sick
38.55,60.73,0,60,sick
37.52,54.48,2,62,healthy
38.14,48.88,4,121,sick
39.38,52.16,2,123,sick
39.83,76.9,8,76,healthy
37.84,72.1,8,121,sick
38.29,66.88,2,94,healthy
38.68,64.0,2,72,healthy
38.9,81.9,4,94,healthy
38.13,47.91,1,102,sick
39.0,56.22,5,61,healthy
38.37,59.0,6,115,sick
38.69,76.3,8,110,healthy
39.08,84.7,5,113,sick
38.7,54.63,2,75,healthy
38.39,79.97,4,77,healthy
38.62,78.22,3,66,healthy
38.64,53.99,4,104,healthy
38.44,60.97,7,95,healthy
38.52,61.39,7,100,healthy
39.82,84.13,5,101,healthy
39.09,52.24,0,66,sick
38.49,76.97,7,74,healthy
39.19,58.37,7,119,sick
38.47,74.23,1,99,sick
39.52,61.8,3,96,healthy
38.96,68.13,1,125,sick
38.62,78.3,3,114,sick
39.01,77.17,9,115,sick
37.6,79.66,6,103,healthy
37.91,47.38,8,116,sick
37.86,72.68,7,65,healthy
38.8,50.6,8,91,healthy
39.91,61.63,7,77,healthy
40.26,66.94,1,127,sick
39.15,61.11,6,66,healthy
39.05,65.78,1,67,sick
37.44,84.86,1,123,sick
38.32,50.41,3,66,healthy
38.15,72.02,0,100,sick
38.27,60.84,4,99,healthy
38.58,50.32,5,62,healthy
38.37,51.35,8,76,healthy
37.31,82.97,9,125,sick
39.22,80.18,7,111,sick
37.95,81.28,1,81,sick
38.87,84.66,0,63,sick
40.15,53.33,1,65,sick
38.06,59.22,6,97,healthy
36.93,71.77,3,85,healthy
38.5,64.35,9,70,healthy
39.47,61.74,4,76,healthy
40.07,59.31,6,90,sick
37.84,68.75,2,94,healthy
39.05,68.02,9,75,healthy
38.37,51.46,1,77,sick
38.63,63.87,6,121,sick
40.55,67.14,4,86,sick
37.65,67.81,0,94,sick
38.88,53.4,0,104,sick
39.03,74.69,8,94,healthy
39.46,46.01,4,87,healthy
38.77,59.19,0,68,sick
38.92,76.21,6,74,healthy
38.43,67.56,8,80,healthy
38.89,55.45,0,111,sick
38.46,72.8,9,94,healthy
39.14,67.7,3,110,healthy
38.44,76.85,2,114,sick
38.96,74.4,4,103,healthy
38.68,69.4,6,124,sick
39.49,64.53,7,84,healthy
38.66,50.33,1,106,sick
37.46,55.45,6,115,sick
39.58,61.76,0,97,sick
38.07,68.97,6,70,healthy
38.24,65.55,7,126,sick
38.28,56.53,1,74,sick
39.66,45.26,8,60,healthy
37.21,64.85,0,66,sick
40.9,56.43,5,60,sick
39.44,74.38,0,108,sick
38.86,45.96,2,88,healthy
38.66,68.39,5,85,healthy
38.9,82.66,2,104,healthy
39.06,51.98,7,71,healthy
39.15,63.87,4,91,healthy
39.09,48.66,1,79,sick
38.76,70.03,3,110,healthy
38.56,67.02,8,95,healthy
38.59,61.29,3,126,sick
38.56,65.86,9,60,healthy
39.49,80.86,9,86,healthy
39.12,52.85,7,99,healthy
36.64,45.9,4,73,healthy
39.16,79.47,9,128,sick
38.84,68.08,0,65,sick
38.69,80.63,6,92,healthy
38.43,68.88,2,114,sick
39.49,77.41,9,78,healthy
39.36,62.19,7,88,healthy
38.16,74.99,2,120,sick
38.98,81.52,0,129,sick
38.02,67.88,4,83,healthy
37.73,52.23,1,82,sick
38.26,55.75,3,69,healthy
39.3,52.95,0,113,sick
39.37,54.87,8,100,healthy
39.06,57.26,5,108,healthy
39.21,67.21,7,76,healthy
39.06,68.52,3,115,sick
38.25,62.06,8,104,healthy
39.0,69.62,1,89,sick
39.26,48.26,8,103,healthy
39.23,48.51,4,114,sick
39.53,51.87,5,78,healthy
39.2,65.72,2,88,healthy
38.95,53.56,3,61,healthy
39.45,56.33,5,95,healthy
38.68,61.01,6,78,healthy
38.08,77.47,0,66,sick
38.59,45.55,6,85,healthy
38.18,70.98,0,97,sick
